/.vector;root:vector;rwxr-x---;3:0:0:ccnr
/.vector/.szi;root:root;rwxr-x---;0:0:0:0
/.vector/obmen;root:vector;rwxrwx---;3:0:0:ccnr
/.vector/spo;root:vector;rwxrwx---;0:0:0:0
/.vector/spo/bin;root:vector;rwxr-x---;0:0:0:0
/.vector/opk32/db;root:vector;rwxr-x---;3:0:0:ccnr
/.vectorspo/etc;root:vector;rwxr-x---;0:0:0:0
/.vector/opk32/img;root:vector;rwxr-x---;0:0:0:0
/.vector/opk32/lib;root:vector;rwxr-x---;0:0:0:0
/.vector/opk32/log;root:vector;rwxr-x---;3:0:0:ccnr
/.vector/opk32/tmp;root:vector;rwxrwx---;3:0:0:ccnr
/.vector/$USER;$USER:$GROUP;rwxr-x---;3:0:0:ccnr
/boot;root:root;rwxr-xr-x;0:63:0:0
/boot/efi;root:root;rw-r--r--;0:0:0:0
/boot/System.map-*-generic;root:root;rw-------;0:63:0:0
/boot/vmlinuz-*-generic;root:root;rw-------;0:63:0:0
/dev;root:root;rwxr-xr-x;0:63:0:0
/etc;root:root;rwxr-xr-x;0:63:0:0
/etc/.pwd.lock;root:root;rw-------;0:63:0:0
/etc/afick.conf;root:root;rw-------;0:63:0:0
/etc/apt/apt.conf.d/01autoremove-kernels;root:root;r--r--r--;0:63:0:0
/etc/audisp;root:root;rwxr-x---;0:63:0:0
/etc/audit root:root;root:root;rwxr-x---;0:63:0:0
/etc/cups;root:lp;rwxrw-rw-;0:63:0:0
/etc/cups/cupsd.conf;root:root;rw-r--r--;0:63:0:0
/etc/cups/cups-files.conf;root:root;rw-r--r--;0:63:0:0
/etc/cups/cups-marker-vars.conf;root:root;rw-r--r--;0:63:0:0
/etc/cups/interfaces;root:root;rwxrw-rw-;0:63:0:0
/etc/cups/marker.template;root:root;rw-r--r--;0:63:0:0
/etc/cups/raw.convs;root:root;rw-r--r--;0:63:0:0
/etc/cups/raw.types;root:root;rw-r--r--;0:63:0:0
/etc/cups/snmp.conf;root:root;rw-r--r--;0:63:0:0
/etc/cups/ssl;root:lp;rwx------;0:63:0:0
/etc/cups/subscriptions.conf;root:lp;rw-r-----;0:63:0:0
/etc/cups/subscriptions.conf.O;root:lp;rw-r-----;0:63:0:0
/etc/exim4/passwd.client;root:Debian-exim;rw-r-----;0:63:0:0
/etc/gshadow;root:shadow;rw-r-----;0:63:0:0
/etc/gshadow-;root:shadow;rw-r-----;0:63:0:0
/etc/logcheck;root:logcheck;rwxrw-rw-;0:63:0:0
/etc/logcheck/cracking.d;root:logcheck;rwxrw----;0:63:0:0
/etc/logcheck/cracking.ignore.d;root:logcheck;rwxrw----;0:63:0:0
/etc/logcheck/ignore.d.paranoid;root:logcheck;rwxrw----;0:63:0:0
/etc/logcheck/ignore.d.server;root:logcheck;rwxrw----;0:63:0:0
/etc/logcheck/ignore.d.workstation;root:logcheck;rwxrw----;0:63:0:0
/etc/logcheck/logcheck.conf;root:logcheck;rw-r-----;0:63:0:0
/etc/logcheck/logcheck.logfiles;root:logcheck;rwxrw----;0:63:0:0
/etc/logcheck/logcheck.logfiles.d;root:logcheck;rwxrw----;0:63:0:0
/etc/logcheck/violations.d;root:logcheck;rwxrw----;0:63:0:0
/etc/logcheck/violations.ignore.d;root:logcheck;rwxrw----;0:63:0:0
/etc/machine-id;root:root;r--r--r--;0:63:0:0
/etc/NetworkManager/system-connections/<network_name>;root:root;rw-------;0:63:0:0
/etc/parsec/micdb/<uid>;root:$USER;rw-r-----;0:63:0:0
/etc/polkit-1/localauthority;root:root;rwx------;0:63:0:0
/etc/security/opasswd;root:root;rw-------;0:63:0:0
/etc/shadow;root:shadow;rw-r-----;0:63:0:0
/etc/shadow-;root:shadow;rw-r-----;0:63:0:0
/etc/skel;root:root;rwxrw----;0:63:0:0
/etc/ssh/ssh_host_ecdsa_key;root:root;rw-------;0:63:0:0
/etc/ssh/ssh_host_ed25519_key;root:root;rw-------;0:63:0:0
/etc/ssh/ssh_host_rsa_key;root:root;rw-------;0:63:0:0
/etc/ssl/private root:ssl-cert 40710;root:ssl-cert;rwx--x---;0:63:0:0
/etc/sudoers;root:root;r--r-----;0:63:0:0
/etc/sudoers.d/README;root:root;r--r-----;0:63:0:0
/etc/sudoers.d/zzz-parsec;root:root;r--r-----;0:63:0:0
/etc/ufw/after.init;root:root;rw-r-----;0:63:0:0
/etc/ufw/after.rules;root:root;rw-r-----;0:63:0:0
/etc/ufw/after6.rules;root:root;rw-r-----;0:63:0:0
/etc/ufw/before.init;root:root;rw-r-----;0:63:0:0
/etc/ufw/before.rules;root:root;rw-r-----;0:63:0:0
/etc/ufw/before6.rules;root:root;rw-r-----;0:63:0:0
/etc/ufw/user.rules;root:root;rw-r-----;0:63:0:0
/etc/ufw/user6.rules;root:root;rw-r-----;0:63:0:0
/home;root:root;rwxr-xr-x;3:63:0:ccnr
/home/$USER;$USER:$GROUP;rwx------;0:0:0:0
/home/.pdp;root:root;rwxr-xr-x;3:0:0:ccnr
/home/.pdp/$USER;$USER:$GROUP;rwx------;3:0:0:ccnr
/home/.pdp/$USER/;$USER:$GROUP;rwx------;0:0:0:0
l0i0c0x0t0x0;$GROUP;;
/home/.pdp/$USER/l1i0c0x0t0x0;$USER:;rwx------;1:0:0:0
/lost+found;root:root;rwx------;0:0:0:0
/media;root:root;rwxr-xr-x;0:0:0:0
/mnt;root:root;rwxr-xr-x;0:0:0:0
/opt;root:root;rwxr-xr-x;0:63:0:0
/parsec;root:root;rwxr-xr-x;0:63:0:0
/parsec/log/astra/events;root:astra-admin;rw-r--r--;0:0:0:0
/parsecfs;root:root;rwxr-xr-x;0:63:0:0
/parsecfs/log-user;root:root;rw---w-w-;0:0:0:0
/parsecfs/mac_enabled;root:root;r--r--r--;0:0:0:0
/parsecfs/stat;root:root;r--r--r--;0:0:0:0
/parsecfs/version;root:root;r--r--r--;0:0:0:0
/proc;root:root;r-xr-xr-x;0:63:0:0
/root;root:root;rwxr-x---;0:63:0:0
/run;root:root;rwxr-xr-x;0:63:0:0
/tmp;root:root;rwxrwxrwx;0:0:0:0
/usr;root:root;rwxr-x---;0:63:0:0
/usr/bin;root:root;rwxr-xr-x;0:63:0:0
/usr/bin/bsd-write;root:tty;rwxr-sr-x;0:63:0:0
/usr/bin/bwrap;root:root;rwsr-xr-x;0:63:0:0
/usr/bin/chage;root:shadow;rwxr-sr-x;0:63:0:0
/usr/bin/chfn;root:root;rwsr-xr-x;0:63:0:0
/usr/bin/chsh;root:root;rwsr-xr-x;0:63:0:0
/usr/bin/crontab;root:crontab;rwxr-sr-x;0:63:0:0
/usr/bin/dotlockfile;root:root;rwxr-sr-x;0:63:0:0
/usr/bin/expiry;root:shadow;rwxr-sr-x;0:63:0:0
/usr/bin/fly-wmpam;root:root;rwsr-xr-x;0:63:0:0
/usr/bin/fusermount;root:root;rwsr-xr-x;0:63:0:0
/usr/bin/gpasswd;root:root;rwsr-xr-x;0:63:0:0
/usr/bin/mail-lock;root:root;rwxr-sr-x;0:63:0:0
/usr/bin/mail-touchlock;root:mail;rwxr-sr-x;0:63:0:0
/usr/bin/mail-unlock;root:mail;rwxr-sr-x;0:63:0:0
/usr/bin/mount;root:root;rwsr-xr-x;0:63:0:0
/usr/bin/netkit-rcp;root:root;rwsr-xr-x;0:63:0:0
/usr/bin/netkit-rlogin;;rwsr-xr-x;0:63:0:0
/usr/bin/netkit-rsh;root:root;rwsr-xr-x;0:63:0:0
/usr/bin/newgrp;root:root;rwsr-xr-x;0:63:0:0
/usr/bin/ntfs-3g;root:root;rwsr-xr-x;0:63:0:0
/usr/bin/passwd;root:root;rwsr-xr-x;0:63:0:0
/usr/bin/pkexec;root:root;rwsr-xr-x;0:63:0:0
/usr/bin/ssh-agent;root:ssh;rwxr-sr-x;0:63:0:0
/usr/bin/su;root:root;rwsr-xr-x;0:63:0:0
/usr/bin/sudo;root:root;rwsr-xr-x;0:63:0:0
/usr/bin/sumac;root:root;rwsr-xr-x;0:63:0:0
/usr/bin/umount;root:root;rwsr-xr-x;0:63:0:0
/usr/bin/wall;root:tty;rwxr-xr-x;0:63:0:0
/usr/etc;root:root;rwxr-xr-x;0:63:0:0
/usr/include;root:root;rwxr-xr-x;0:63:0:0
/usr/lib;root:root;rwxr-xr-x;0:63:0:0
/usr/lib/cups/backend/cups-brf;root:root;rwx------;0:63:0:0
/usr/lib/cups/backend/dnssd;root:root;rwxr--r--;0:63:0:0
/usr/lib/cups/backend/ipp;root:root;rwxr--r--;0:63:0:0
/usr/lib/cups/backend/lpd;root:root;rwxr--r--;0:63:0:0
/usr/lib/cups/backend/mdns;root:root;rwxr--r--;0:63:0:0
/usr/lib/cups/backend/serial;root:root;rwxr--r--;0:63:0:0
/usr/lib/cups/backend/serial;root:root;rwxr--r--;0:63:0:0
/usr/lib/cups/backend/usb;root:root;rwxr--r--;0:63:0:0
/usr/lib/cups/backend-available/dnssd;root:root;rwxr--r--;0:63:0:0
/usr/lib/cups/backend-available/lpd;root:root;rwxr--r--;0:63:0:0
/usr/lib/cups/backend-available/usb;root:root;rwxr--r--;0:63:0:0
/usr/lib/dbus-1.0/dbus-daemon-launch-helper;root:messagebus;rwxr-xr--;0:63:0:0
/usr/lib/eject/dmcrypt-get-device;root:root;rwsr-xr-x;0:63:0:0
/usr/lib/mc/cons.saver;root:tty;rwxr-xr-x;0:63:0:0
/usr/lib/openssh/ssh-keysign;root:root;rwsr-xr-x;0:63:0:0
/usr/lib/policykit-1/polkit-agent-helper-1;root:root;rwsr-xr-x;0:63:0:0
/usr/lib/udev/hwdb.bin;root:root;r--r--r--;0:63:0:0
/usr/lib/x86_64-linux-gnu/samba/smbspool_krb5_wrapper;root:root;rwx------;0:63:0:0
/usr/lib/x86_64-linux-gnu/utempter/utempter;root:utmp;rwxr-sr-x;0:63:0:0
/usr/local;root:staff;rwxrwxr-x;0:63:0:0
/usr/local/bin;root:staff;rwxrwxr-x;0:63:0:0
/usr/local/etc;root:staff;rwxrwxr-x;0:63:0:0
/usr/local/games;root:staff;rwxrwxr-x;0:63:0:0
/usr/local/include;root:staff;rwxrwxr-x;0:63:0:0
/usr/local/lib;root:staff;rwxrwxr-x;0:63:0:0
/usr/local/lib/python2.7;root:staff;rwxrwxr-x;0:63:0:0
/usr/local/lib/python2.7/dist-packages;root:staff;rwxrwxr-x;0:63:0:0
/usr/local/lib/python2.7/site-packages;root:staff;rwxrwxr-x;0:63:0:0
/usr/local/lib/python3.7;root:staff;rwxrwxr-x;0:63:0:0
/usr/local/lib/python3.7/dist-packages;root:staff;rwxrwxr-x;0:63:0:0
/usr/local/sbin;root:staff;rwxrwxr-x;0:63:0:0
/usr/local/share;root:staff;rwxrwxr-x;0:63:0:0
/usr/local/share/ca-certificates;root:staff;rwxrwxr-x;0:63:0:0
/usr/local/share/fonts;root:staff;rwxrwxr-x;0:63:0:0
/usr/local/share/man;root:staff;rwxrwxr-x;0:63:0:0
/usr/local/share/texmf;root:staff;rwxrwxr-x;0:63:0:0
/usr/local/src;root:staff;rwxrwxr-x;0:63:0:0
/usr/sbin;root:root;rwxr-xr-x;0:63:0:0
/usr/sbin/astra-autologin-control;root:root;rwxrwxr-x;0:63:0:0
/usr/sbin/astra-bash-lock;root:root;rwxrwxr-x;0:63:0:0
/usr/sbin/astra-commands-lock;root:root;rwxrwxr-x;0:63:0:0
/usr/sbin/astra-console-lock;root:root;rwxrwxr-x;0:63:0:0
/usr/sbin/astra-digsig-control;root:root;rwxrwxr-x;0:63:0:0
/usr/sbin/astra-docker-isolation;root:root;rwxrwxr-x;0:63:0:0
/usr/sbin/astra-format-lock;root:root;rwxrwxr-x;0:63:0:0
/usr/sbin/astra-hardened-control;root:root;rwxrwxr-x;0:63:0:0
/usr/sbin/astra-ilev1-control;root:root;rwxrwxr-x;0:63:0:0
/usr/sbin/astra-interpreters-lock;root:root;rwxrwxr-x;0:63:0:0
/usr/sbin/astra-interpreters-lock-test;root:root;rwxrwxr-x;0:63:0:0
/usr/sbin/astra-lkrg-control;root:root;rwxrwxr-x;0:63:0:0
/usr/sbin/astra-mac-control;root:root;rwxrwxr-x;0:63:0:0
/usr/sbin/astra-macros-lock;root:root;rwxrwxr-x;0:63:0:0
/usr/sbin/astra-mic-control;root:root;rwxrwxr-x;0:63:0:0
/usr/sbin/astra-modban-lock;root:root;rwxrwxr-x;0:63:0:0
/usr/sbin/astra-mode-apps;root:root;rwxrwxr-x;0:63:0:0
/usr/sbin/astra-modeswitch;root:root;rwxrwxr-x;0:63:0:0
/usr/sbin/astra-mount-lock;root:root;rwxrwxr-x;0:63:0:0
/usr/sbin/astra-noautonet-control;root:root;rwxrwxr-x;0:63:0:0
/usr/sbin/astra-nobootmenu-control;root:root;rwxrwxr-x;0:63:0:0
/usr/sbin/astra-nochmodx-lock;root:root;rwxrwxr-x;0:63:0:0
/usr/sbin/astra-overlay;root:root;rwxrwxr-x;0:63:0:0
/usr/sbin/astra-ptrace-lock;root:root;rwxrwxr-x;0:63:0:0
/usr/sbin/astra-secdel-control;root:root;rwxrwxr-x;0:63:0:0
/usr/sbin/astra-secdel-swapwiper;root:root;rwxrwxr-x;0:63:0:0
/usr/sbin/astra-secureboot;root:root;rwxrwxr-x;0:63:0:0
/usr/sbin/astra-security-monitor;root:root;rwxrwxr-x;0:63:0:0
/usr/sbin/astra-shutdown-lock;root:root;rwxrwxr-x;0:63:0:0
/usr/sbin/astra-strictmode-control;root:root;rwxrwxr-x;0:63:0:0
/usr/sbin/astra-sudo-control;root:root;rwxrwxr-x;0:63:0:0
/usr/sbin/astra-sumac-lock;root:root;rwxrwxr-x;0:63:0:0
/usr/sbin/astra-swapwiper-control;root:root;rwxrwxr-x;0:63:0:0
/usr/sbin/astra-sysrq-lock;root:root;rwxrwxr-x;0:63:0:0
/usr/sbin/exim4;root:root;rwsr-xr-x;0:63:0:0
/usr/sbin/unix_chkpwd;root:shadow;rwxr-xr-x;0:63:0:0
/usr/share;root:root;rwxr-xr-x;0:63:0:0
/usr/share/ppd/custom;root:lpadmin;rwxr-xr-x;0:63:0:0
/var;root:root;rwxr-xr-x;0:63:0:0
/var/backups/group.bak;root:root;rw-------;0:0:0:0
/var/backups/gshadow.bak;root:root;rw-------;0:0:0:0
/var/backups/passwd.bak;root:root;rw-------;0:0:0:0
/var/backups/shadow.bak;root:root;rw-------;0:0:0:0
/var/cache;root:root;rwxr-xr-x;0:0:0:0
/var/cache/apt/archives/lock;root:root;rw-r-----;0:0:0:0
/var/cache/apt/archives/partial;_apt:root;rwx------;0:0:0:0
/var/cache/astra-orientation;astra-orientation:astra-orientation;rwxr-xr-x;0:0:0:0
/var/cache/astra-orientation/hooks;root:root;rwsr-xr-x;0:0:0:0
/var/cache/cups;root:lp;rwxrwx---;0:0:0:0
/var/cache/debconf/passwords.dat;root:root;rw-------;0:0:0:0
/var/cache/ldconfig;root:root;rwx------;0:0:0:0
/var/cache/man;man:man;rwxr-xr-x;0:0:0:0
/var/cache/private;root:root;rwx------;0:0:0:0
/var/lib/afick;root:root;rwx------;0:0:0:0
/var/lib/apt/lists/auxfiles;_apt:root;rwxr-xr-x;0:0:0:0
/var/lib/apt/lists/lock;;rw-r-----;0:0:0:0
/var/lib/apt/lists/partial;_apt:root;rwx------;0:0:0:0
/var/lib/dpkg/lock;root:root;rw-r-----;0:0:0:0
/var/lib/dpkg/lock-frontend;root:root;rw-r-----;0:0:0:0
/var/lib/dpkg/triggers/Lock;root:root;rw-------;0:0:0:0
/var/lib/exim4/config.autogenerated;root:Debian-exim;rw-r--r--;0:0:0:0
/var/lib/fly-dm;fly-dm:fly-dm;rwxrwxr-x;0:0:0:0
/var/lib/fly-dm/.gnupg;fly-dm:fly-dm;rwx------;0:0:0:0
/var/lib/logcheck;logcheck:logcheck;rwxrwx---;0:0:0:0
/var/lib/NetworkManager;root:root;rwx------;0:0:0:0
/var/lib/ntp;ntp:ntp;rwxr-xr-x;0:0:0:0
/var/lib/openvpn/chroot;nm-openvpn:nm-openvpn;rwx------;0:0:0:0
/var/lib/polkit-1;root:root;rwx------;0:0:0:0
/var/lib/private;root:root;rwx------;0:0:0:0
/var/lib/syslog-ng/syslog-ng.ctl;root:root;rwsr-xr-x;0:0:0:0
/var/lib/syslog-ng/syslog-ng.persist;root:root;rw-------;0:0:0:0
/var/lib/systemd/random-seed;root:root;rw-------;0:0:0:0
/var/lib/udisks2;root:root;rwx------;0:0:0:0
/var/local;root:staff;rwxrwsr-x;0:0:0:0
/var/log/afick;root:root;rwx------;0:0:0:0
/var/log/apt/term.log;root:adm;rw-r-----;0:0:0:0
/var/log/astra-history.log;root:root;rw-------;0:0:0:0
/var/log/audit;root:adm;rwxr-x---;0:0:0:0
/var/log/auth.log;root:adm;rw-r-----;0:0:0:0
/var/log/boot.log;root:root;rw-------;0:0:0:0
/var/log/btmp;root:utmp;rw-------;0:0:0:0
/var/log/cron.log;root:adm;rwxr-x---;0:0:0:0
/var/log/cups/access_log;root:adm;rw-r-----;0:0:0:0
/var/log/daemon.log;root:adm;rw-r-----;0:0:0:0
/var/log/debug;root:adm;rw-r-----;0:0:0:0
/var/log/error;root:adm;rw-r-----;0:0:0:0
/var/log/exim4;Debian-exim:adm;rwxr-s---;0:0:0:0
/var/log/hp/tmp;root:lp;rwxrwxr-x;0:0:0:0
/var/log/installer/cdebconf/questions.dat;root:root;rw-------;0:0:0:0
/var/log/installer/cdebconf/templates.dat;root:root;rw-------;0:0:0:0
/var/log/installer/partman;root:root;rw-------;0:0:0:0
/var/log/installer/syslog;root:root;rw-------;0:0:0:0
/var/log/installer/Xorg.0.log;root:root;rw-------;0:0:0:0
/var/log/kern.log;root:adm;rw-r-----;0:0:0:0
/var/log/lastlog;root:utmp;rw-rw-r--;0:0:0:0
/var/log/messages;root:adm;rw-r-----;0:0:0:0
/var/log/ntpstats;ntp:ntp;rwxr-xr-x;0:0:0:0
/var/log/private;root:root;rwx------;0:0:0:0
/var/log/samba;root:adm;rwxr-x---;0:0:0:0
/var/log/syslog;root:root;rw-r-----;0:0:0:0
/var/log/user.log;root:adm;rw-r-----;0:0:0:0
/var/log/user.log;root:adm;rw-r-----;0:0:0:0
/var/log/wtmp;root:utmp;rw-r--r--;0:0:0:0
/var/mail;root:mail;rwxrwsr-x;0:0:0:0
/var/private/tmp;root:root;rwxrwxrwx;0:0:0:0
/var/private/vartmp;root:root;rwxrwxrwx;0:0:0:0
/var/spool/anacron/cron.daily;root:root;rw-------;0:0:0:0
/var/spool/anacron/cron.monthly;root:root;rw-------;0:0:0:0
/var/spool/anacron/cron.weekly;root:root;rw-------;0:0:0:0
/var/spool/cron/crontabs;root:crontab;rwx-wx---;0:0:0:0
/var/spool/cups;root:lp;rwx--x---;0:0:0:0
/var/spool/exim4;Debian-exim:Debian-exim;rwxr-x---;0:0:0:0
/var/tmp;root:root;rwxrwxrwx;0:0:0:0
